id,type,text1,text2,text3,text4,text5,notes
duskfrozen,PLANET,"An unusual variant of a frozen planet, where native compounds in the atmosphere form toxic red crystals that fall akin to snow.",,,,,
star_bluegreen_giant,PLANET,"A rare variant of a F2 giant star in the later stages of its lifespan. While stars of this type emit green light naturally, it is typically accompanied by rest of the spectrum, creating a soft white light. However this particular star seems to have a surface contaminated with uncommon heavy elements that absorb low wavelength light, shifting the apparent color to a bluish-green.",,,,,
contractor_duskgroup,FACTION,"The Dusk Research Group is the remnant of a clandestine pre-collapse organization that specialized in exotic, risky, and potentially useless R&D projects. After the fall of the Domain, excess resources became a luxury which swiftly put an end to the formal operation as such and most of its personnel were absorbed by Tri-Tachyon. However the more determined (and unhinged) members took what they could and formed DRG in its modern incarnation. Far away from the Core they restored an old facility on the planet Dusk, which became their new home of operations, as well as their namesake.

Due to the nature of the body politic of the sector, the Dusk Group is considered undesirable by, and at odds with much of the core factions. In need of both economic support and defense, the group has since attached themselves to their upstart neighbors. With their converging interests, the Persean Separatists and DRG operate in tandem, looking out for one another when trouble arises.",,,,,
contractor_separatists,FACTION,"A collection of idealists, wayward spacers, and rejects from other factions, the Persean Separatists represent a final effort to control ones own destiny or die trying. Though comparable to the League, the Separatists have banded together under one governing body and purport to uphold a vaguely democratic system. In reality, with the possible exception of the capital of Sedna, harsh conditions mean the colonies operate much more like a mercenary fleet, with leaders strictly followed and only occasionally deposed after a pronounced failure.

As the story goes, the Separatists rose out of a mercenary group, who at the command of their leader, took control of the Koit system for themselves. Evidently fed up with the older factions ever ponderous nature, the commander formally created a government with himself as its head.",,,,,
drg_arkdesc,CUSTOM,"The remains of a massive starship, a veritable mobile colony containing all the amenities thereof, before being lost to time. It likely was used for clandestine research or engineering projects by the DRG, but now sits silently. One of it's reactors appears have blown open, emitting a colorful display on radiation scanners.",,,,,
duskblacksite_desc,CUSTOM,NO MATCHING ENTRY. Ensure your Tri-Tachyon brand TriPad is registered to receive the most up-to-date codex entries.,,,,,
duskplanetdesc,CUSTOM,"Home of the eponymous Dusk Research Group, this planet is full of curiosities both natural and technological. Its most striking feature is the distinctive and energetic red crystals that fall like snow, covering most of the planets surface. Incidentally, the chemical compounds in the crystals are also toxic to humans, making surface habitation near impossible. Deep underground however, the DRG labs remain constantly busy, as they work on yet more dubious projects.",,,,,
separatists_sedna_desc,CUSTOM,"The capital world of the Persean Separatists, ever wreathed in ice and flowing snow. Enormous continent sized snow storms are common, and must be accounted for by any surface dwellers, lest entire cities become disabled beneath heavy snowfall. Despite the frigid conditions, the bulk of Separatist citizens call Sedna home, not to mention the tumultuous political apparatus housed there.",,,,,
separatists_umbra_desc,CUSTOM,"A dry, hellish landscape covers the entirety of this world. Conditions practically prohibit surface habitation, requiring all facilities to be built underground which inevitably results in cramped and strained living arrangements. People here are hardy, wary, and sometimes criminal.",,,,,
separatists_iapidi_desc,CUSTOM,"Iapidi is dense with conductive metals, making it an ideal mining world, as well as being the source of the planet's strong magnetic field that mercifully shields it from radiation. Most of the Separatists shipyards are stationed here as well, to exploit the aid of low gravity in ship building.",,,,,
separatists_tehom_desc,CUSTOM,"A tranquil water planet, with calm weather and stable temperatures across most of its surface. Even with the lack of land, Tehom would make for an suitable colony site, as evidenced by the remains of Domain era machinery, which now floats aimlessly across the seas. ",,,,,
separatists_stardockhull,SHIP,"Crude docking station to facilitate basic stellar trade and minimal colony access. Ships are made to stay in orbit, and cargo is ferried via light shuttles. This particular stardock has been enhanced with basic combat modules.",,,,,
sep_andross_fighter,SHIP,"Utility drone designed to protect ships from asteroid impacts at any cost, reconfigured into a combat role. Quite tough, and easy to maintain / operate.",,,,,
sep_northstar_fighter,SHIP,"Iconic Separatist fighter capable of defeating most small craft and going toe-to-toe with light frigates. Carries a light payload of missiles for anti-fighter sorties, and a Mk44 autogun, devastating against unshielded vessels.

The Northstar is probably the most famous individual craft in Separatist space. Appearing on militia ads, propaganda posters, and commonly displayed during parades, the fighter is as much a recruiting device as it is a combat vehicle. Many young men and women enlist in the PSM hoping to become a Northstar pilot, or even co-pilot. Although such a prospect is much more pragmatic than achieving a starship captaincy, numbers dictate that many budding servicemen will never see the inside of the cockpit.",,,,,
sep_meteor_fighter,SHIP,"Originally a heavy cargo lifter, the Meteor has long since been retrofitted into a rocket bomber for PSM service. Although somewhat lacking in raw firepower, its armor and ranged payload make it one of the most survivable light craft to pilot in the Separatist navy.

During their time in service, Meteors have earned a reputation as an 'old mans post'. The generally high survival rate combined with its past as an industrial vehicle means those assigned to them tend to be on the older side. If you ever see a group of PSM members in heavy pilot gear and salt-and pepper hair at the bar, you've found the local Meteor wing. ",,,,,
sep_fearless_fighter,SHIP,"Light interceptor well suited to engaging other small craft. Although the mounted rotary gun is passably strong, the fighter's thin frame means it tend to falter when tasked with pressing through point-defense fire.

Unlike virtually any other star-fighter, the Fearless is notable for still possessing traditional wings despite mainly operating in the vacuum of space. This is because fighter was also designed to fly in atmosphere, and serves as the Separatists' primary terrestrial military aircraft.",,,,,
sep_voidwolf_fighter,SHIP,"High speed bomber capable of delivering its payload and escaping before hostiles can retaliate. Armed with a quad of anti-fighter missiles for defense and a single command torpedo for offense, the Voidwolf makes an excellent medium bomber to round out any fleet.",,,,,
sep_marguese_fighter,SHIP,"An ungainly beast made of welded together leftovers from a mixture of Separatist and Dusk Group LPC's, the Marguese operates mainly as a heavy point-defense platform. ",,,,,
sep_repairdrone_fighter,SHIP,Heavy service craft made to support ships in active combat.,,,,,
sep_ripcord_fighter,SHIP,"Affectionately known as the 'flying bathtub' in the PSM, Ripcord's serve as a tough, albeit uncomfortable, escort and attack fighter. Fast in a straight line, decent armor, and a small shield to prevent 'pilot sniping', the fighter is well suited to combat conditions despite its lack of creature comforts.

Not much more than a slabs of armor welded into a needle and an engine/weapon module tacked on the rear, the craft offers little that is not combat related.",,,,,
drg_voidwolf_fighter,SHIP,"High speed bomber capable of delivering its payload and escaping before hostiles can retaliate. This Dusk Group model drops the Gator missiles for another command torpedo, as well as exchanging some armor for a light shield generator.",,,,,
drg_voidwolf_b_fighter,SHIP,"Heavily modified Voidwolf bomber, with the bomb bay completely removed and replaced with an antimatter catalyzer. Capable of discharging a beam almost as powerful as a Dragonfire, with none of the downsides incumbent on missile targeting systems.",,,,,
separatists_tomcat,SHIP,"An all-purpose heavy frigate of Separatist design, and is frequently found in light patrols. Less specialized than its 'super' cousin, the Tomcat can fulfill most combat roles provided it is outfitted properly.

As a precursor to the Super Tomcat, it has technically been outmoded,  but the decision was made to keep it in production as the base hull is the same and therefore easy to manufacture simultaneously.",,,,,
separatists_supertomcat,SHIP,"One of the more specialized designs out of the Separatists' shipyards, the Super Tomcat serves as a deadly flanker in fleet combat.

The core of the class centers around housing the Retribution Chaingun, and almost all internal space has been dedicated to supporting the weapons operation, even to detrimental effects on the powerplant and logistical profile.

Tactically inflexible, commanders should be warned against fielding Tomcats without proper support, as they tend to falter in one-on-one combat, particularly against well shielded enemies.",,,,,
sep_anacreon,SHIP,"The Anacreon class was designed to serve as the Separatists premier missile platform, with integrated storage and advanced targeting systems all managed by a dedicated CIC. Although more expensive and less heavily armed than some, Anacreon vessels generally boast a better hit ratio and more staying power.",,,,,
sep_arbiter,SHIP,"Heavy firepower, reasonably fast, and tough to boot, Arbiter-class vessels are some of the finest and most desirable posts in the PSM. Many Arbiter captains have even been known to decline promotions to keep their ship.",,,,,
sep_comet,SHIP,"Small rugged commercial hull sold for civilian use. Originally a Separatist design, Comet's are frequently repainted and resold across the sector and are a common choice for the enterprising individual starting their star-faring career.",,,,,
sep_duffie_carrier,SHIP,"A flexible light cruiser able to be outfitted for a variety of roles, without costing a fortune. Additionally, the ship is equipped with heavy thrusters to aid with flight in gravity wells, as well as in combat. These traits make Duffies a common sight as flagships in light fleets, shepherding smaller vessels throughout PSM space.",,,,,
sep_duffie,SHIP,"Experimental modification of a baseline Duffie, that replaces the main flight deck with a spinally mounted energy weapon of DRG design.

A test-bed ship borne of the many layered agreements between the Separatists and the DRG, most pertinent of which specifies that '- the more numerable party may principally bear the risks of mutually beneficial projects presenting a potential hazard to personnel.' Despite the understandable protests raised by fleet captains, the PSM, and more specifically the Duffie, was selected for live testing of a FCRG and its attendant field coherer.",,,,,
sep_duffie_drg,SHIP,DRG refit of a Duffie with a fully realized energy coherer.,,,,,
sep_fencer_base,SHIP,"Lean, fast, and rather fragile, a set of traits not commonly found in Separatist design, the Fencer class makes for an aggressive escort and force projection vessel.",,,,,
sep_fencer,SHIP,"A retrofit of a base Fencer hull that mounts an external flight deck on the rear, with a small hangar replacing the medium gun mount and magazine.",,,,,
separatists_grizzly,SHIP,"A slow and bulky cruiser, primarily tasked with fleet support operations. Although not well suited for front line fighting, its heavy armor allows it to weather moderate combat none the less.",,,,,
sep_independence,SHIP,"Crown jewel of the PSM navy, the eponymous Independence class both represents the Separatists chronic desire to stay removed from the Hegemony, and is the principle means by which they intend to do so.",,,,,
sep_keystone,SHIP,"A heavy station tug modified for auxiliary navy service. Most of the ship's internal space is dedicated to its engines, which unfortunately left little room for mounting weapon systems. However the increased mass limit allowed for heavy up-armoring, including a sacrificial bow plate. Since its introduction, the Keystone quickly fell into the role of screening vessel in smaller fleets.",,,,,
sep_mainstay,SHIP,"Designed as a pure fleet anchor, Mainstays find themselves right at home in the center of fighting. Thanks to the auxiliary armor and augmented reactor, it can easily punch above its own weight, especially when supported by allies with point-defense.",,,,,
sep_overlord,SHIP,"The Overlord is more closely related to a mobile shipyard than a warship. Capable of immense force projection on the battlefield, although its logistical overhead generally prevents it from being fielded away from colonized space.",,,,,
sep_safeguard,SHIP,"A modified Safeguard that fully realizes its interceptor abilities, exchanging a medium mount for a resonator, allowing the ship to use its interdictor array for extended periods.",,,,,
sep_safeguard_base,SHIP,"Derived from the original DRG design, the Safeguard serves as a heavy interceptor and disabling vessel. It is generally tasked with catching or slowing fast ships, until its slower allies are able to enter engagement range.",,,,,
sep_ship26,SHIP,An experimental command hull made to ease the burden of managing cumbersome PSM fleets and their many light vessels.,,,,,
sep_shomitraile,SHIP,"An uncommon capital craft with powerful engines made for pursuit operations and generally keeping pace with smaller ships. These class of vessels have earned a reputation of being crewed by martyrs, whether due to Shomitraile captains being chronically reckless or the design itself being doctrinally prone to exposure is still debated.",,,,,
sep_spectre,SHIP,ELINT destroyer capable of interfering with enemy sensors across the battle space. Not well suited with direct combat.,,,,,
sep_spectre_pir,SHIP,"A captured Spectre, rebuilt into an attack destroyer. Unsurprisingly, most of the jamming array was destroyed in whatever fight that lead to its capture, and without the expertise to rebuild the array, the pirates instead replaced the antennae with energy weapons rigged into the power runs.",,,,,
sep_speedwell2,SHIP,"Flagship of the Separatist founder, very powerful and capable of operating on its own, as well as in fleet operations. Symbolically important to the Separatists.",,,,,
sep_starmaster,SHIP,"The Starmaster is a low cost all-purpose hull, originally designed to push cargo, that now fills a multitude of roles in Separatist fleets. Due to the difficulty in producing new hulls post collapse, the Separatists found it easier to modify existing hulls to suit their needs, and the Starmaster being cheap and common, was the prime choice.

In current times, the base hulls are produced en-mass, and then retrofitted to according to whatever needs the PSM navy feels they have. Although still not particularly suited to direct combat, with the times being what they are, Starmasters are likely to remain as a core Separatist ship.",,,,,
sep_starmaster_cargo,SHIP,"A Starmaster modified by the Separatists, most notably with an armored prow capable of withstanding heavy impacts. Due to the prevalence of asteroids in Separatist space, it was determined that having protection from impacts was more important than absolute cargo capacity.",,,,,
sep_starmaster_cargo_big,SHIP,"The M102 Starmaster is the closest thing to the original design that still exists today, a heavy freighter. Able to push large amounts of cargo cradled between the combat pylons.",,,,,
sep_starmaster_carrier,SHIP,"Starmaster with the cargo pusher removed and light fighter decks attached, transforming it into a mid level carrier.",,,,,
sep_starmaster_combat,SHIP,"After replacing the cargo system with a gunnery module, the M301 serves as a relatively low cost combat vessel.",,,,,
sep_station_big,SHIP,"An immense star fortress of Separatist design, featuring short ranged but heavy firepower on all sides, and augmented with defense nodes, drones, and a minefield.",,,,,
sep_station_defense_drone,SHIP,"A durable station defense drone, capable of absorbing large amounts of enemy fire, and threatening any ships that venture to close.",,,,,
sep_station_med_module_gun,SHIP,Secondary gunnery module made to cover the opposed part the station from he primary gunnery module.,,,,,
sep_station_med_module_pd1,SHIP,"Mid-sized point defense module, rounding out the weak spots in the stations defenses.",,,,,
sep_station_medium,SHIP,"A large battlestation of Separatist design, featuring short ranged but heavy firepower on all sides, and augmented with defense nodes.",,,,,
sep_station_small,SHIP,"A space station of Separatist design, featuring short ranged but heavy firepower on all sides.",,,,,
sep_station_small_module,SHIP,Support module hosting large hangar bays and command posts for fielding numerous fighter squadrons.,,,,,
sep_station_small_module2,SHIP,"A heavy gunnery module bristling with ballistic mounts, more than able of destroying any ship that enters its firing arcs.",,,,,
sep_station_small_module3,SHIP,"An advanced module equipped with a small but well outfitted fighter bays, powerful weapons, and a giant interdictor array capable of disabling even capital ships.",,,,,
sep_venom_mk1,SHIP,"A small but tough frigate that, while not explicitly designed for combat, can serve as an good harasser of larger vessels. Thanks to the unique arrangment of over sized engines, the ship has more agility than other low-tech ships, though it comes at the expense of the crew's comfort.

A common sight in separatist space, the Venom can often be found in nearly any fleet, performing what is often its only task in life: asteroid cutting.

Any spacer knows traveling too fast through an asteroid field risks an asteroid breaking through the drive bubble and impacting a ship. Cutters, like the Venom, are made to intercept and shatter the asteroid into small pieces before it can impact a vessel, rendering it inconsequential.",,,,,
sep_venom_mk2,SHIP,"Light frigate that has up-gunned quite substantially, and though somewhat fragile, is well suited to attacking small vessels and harassing larger ships.",,,,,
sep_venom_mk2_true,SHIP,"The Venom mark two, updated for full military service",,,,,
sep_wellerman,SHIP,"Durable medium freighter made for and used by Separatist civilians. The Wellerman exemplifies the general paranoia of PSM designers when compared to more common cargo ships, as many sacrifices to capacity and efficiency have been made in the name of survivability.",,,,,
sep_wellerman_combat,SHIP,"Reinforced and militarized medium freighter made for the PSM navy. Combat rated Wellermen' further reduce hauling capacity for better fighting performance. Most notably, one of the main freight elevators has been replaced with an Andross drone launcher to aid with combat and navigation hazards.",,,,,
sep_wellerman_missile,SHIP,"A stopgap retrofit, created after a series of skirmishes highlighted the PSM lacked medium missile capacity in small fleets. Most of the freight related systems have been stripped away to make room for the missile mounts. Unfortunately, the limitations of the base hull remain, leaving the ship rather vulnerable when faced with direct engagements.",,,,,
sep_termite_fighter,WEAPON,"The Termite fires specialty rounds that pierce targets then explode inside. Originally designed to shatter asteroids, the shells have since proven to be effective against a variety of light craft. Fighter pilots have a particular fear of it, few things are as horrifying as seeing a Termite embed in your hull and having to wait for the inevitable.",,,,,
sep_termite,WEAPON,"The Termite fires specialty rounds that pierce targets then explode inside. Originally designed to shatter asteroids, the shells have since proven to be effective against a variety of light craft. Fighter pilots have a particular fear of it, few things are as horrifying as seeing a Termite embed in your hull and having to wait for the inevitable.",,,,,
sep_mk48,WEAPON,"General purpose autocannon loaded with simple fragmentation shells and magnetic fuses. Primarily serves as an anti-torpedo defense weapon, but can also offer good suppression of clumped missiles and light fighters. Stabilizers restrict movement while firing, meaning the Mk48 may struggle to hit laterally moving targets.",,,,,
sep_battleship,WEAPON,"The highest caliber modular cannon in the Separatists' arsenal, the MK1 is designed to break through heavy armor and overwhelm shields with explosive burst fire. ",,,,,
sep_type1_cruise_med,WEAPON,"A long range and extremely fast missile system, the Type 1 is very difficult to stop once it reaches top speed.

A full size autoloader allows the weapon system to sustain fire during combat, and the dual fire mode almost guarantees a hit even in the face of point defenses.

The Type 1 serves as a long range cruise missile, which after a brief programming period locks to its target and engages thrusters. The tracking is not updated actively while in flight and can easily miss quickly strafing targets. As an upside, the missile cannot be distracted by flares.",,,,,
sep_type1_cruise_rack,WEAPON,"A long range and extremely fast missile system, the Type 1 is very difficult to stop once it reaches top speed.

The Type 1 serves as a long range cruise missile, which after a brief programming period locks to its target and engages thrusters. The tracking is not updated actively while in flight and can easily miss quickly strafing targets. As an upside, the missile cannot be distracted by flares.",,,,,
sep_type1_cruise,WEAPON,"A long range and extremely fast missile system, the Type 1 is very difficult to stop once it reaches top speed.

The Type 1 serves as a long range cruise missile, which after a brief programming period locks to its target and engages thrusters. The tracking is not updated actively while in flight and can easily miss quickly strafing targets. As an upside, the missile cannot be distracted by flares.",,,,,
sep_type1_cruise_fighter,WEAPON,"A long range and extremely fast missile system, the Type 1 is very difficult to stop once it reaches top speed.

A smaller, less damaging variant was created to be mountable on common fighter missile pylons. Although somewhat unwieldy for fighter pilots, it can be quite effective when fired en-mass.

The Type 1 serves as a long range cruise missile, which after a brief programming period locks to its target and engages thrusters. The tracking is not updated actively while in flight and can easily miss quickly strafing targets. As an upside, the missile cannot be distracted by flares.",,,,,
sep_gator_launcher_med,WEAPON,"Heatseeking missile with narrow search cone and aggressive tracking. Easily identifiable by its characteristic tail-wag search pattern. Mounted in a side-by-side arrangement for double the firepower. 

The Gator serves as the Separatists prime anti-fighter missile. While its bulky frame means fewer can be carried than other contemporary missiles, the performance more than makes up for it. A narrow search cone allows more focus on the target, and even aids in ignoring flares that might otherwise distract the missile.",,,,,
sep_gator_launcher,WEAPON,"Heatseeking missile with narrow search cone and aggressive tracking. Easily identifiable by its characteristic tail-wag search pattern.

The Gator serves as the Separatists prime anti-fighter missile. While its bulky frame means fewer can be carried than other contemporary missiles, the performance more than makes up for it. A narrow search cone allows more focus on the target, and even aids in ignoring flares that might otherwise distract the missile.",,,,,
sep_gator_launcher_fighter,WEAPON,"Heatseeking missile with narrow search cone and aggressive tracking in a leaner form factor. Easily identifiable by its characteristic tail-wag search pattern.

A slightly smaller version with reduced payload, allowing the missile to retain maneuverability and still be mounted in a fighter payload bay.

The Gator serves as the Separatists prime anti-fighter missile. While its bulky frame means fewer can be carried than other contemporary missiles, the performance more than makes up for it. A narrow search cone allows more focus on the target, and even aids in ignoring flares that might otherwise distract the missile.",,,,,
sep_bowe,WEAPON,"Highly maneuverable torpedo equipped with good thrusters, reinforced shell, and command avionics. The system configuration comes at the expense of payload, which is lighter than other torpedoes in its weight class. Comes with one additional reload in a prepared tube.",,,,,
sep_bowe_rack,WEAPON,"Highly maneuverable torpedo equipped with good thrusters, reinforced shell, and command avionics. The system configuration comes at the expense of payload, which is lighter than other torpedoes in its weight class. Comes in a twin rack for additional ammo, with reduced efficiency.",,,,,
sep_bowe_fighter,WEAPON,"Highly maneuverable torpedo equipped with good thrusters, reinforced shell, and command avionics. The fighter configuration carries an even smaller payload than the full size, but handily fits inside a missile bay.",,,,,
sep_eclipse,WEAPON,"EWAR jammer capable of interfering with the most hardened targeting systems.

Almost comically over sized when compared to hull integrated jammers common in the sector, the Eclipse offers a powerful tool to those needing to reduce enemy targeting effectiveness. 

Despite Separatist engineers best efforts, beam diffusion means jamming is only possible at shorter ranges, often within the firing arcs that need to be jammed in the first place. As a result, the Eclipse is best used in fleet action where a specialized jamming vessel can hamper enemies, while allies engage at safe distance.",,,,,
sep_mk4,WEAPON,"An array of massive cannons that fire heavy shells with a light explosive payload, the Mk4 is an ideal all-rounder weapon capable of dealing with nearly any threat in the sector.

Technologically simple, easy to construct, and powerful in combat, Mk4s' traits have earned them a beloved status by Separatist captains and crew alike. Although the stresses of such large volleys of fire often lead to higher servicing overheads, even maintenance chiefs rest easy under the protective shadow cast by the Mk4.",,,,,
sep_mk55,WEAPON,"Straightforward autocannon firing high velocity AP shells with a small explosive filler. The low caliber results in subpar damage, however the rounds travel quite far quite fast, making the Mk54 ideal for suppressing distant, or quick targets.

Originally designed as a stop gap weapon, the Mk54 found its way into long term service as a low cost support weapon. Its continued use was finally solidified after becoming fully unregulated and is now the go to armament for light trade ships.",,,,,
sep_mk41,WEAPON,"Overclocked weapon system capable of high rates of fire for short periods of time. Although relatively high caliber for its class, the short barrel and low muzzle velocity cause high spread and reduced range, leading the Mk41 to struggle in distant engagements. ",,,,,
sep_mk41_fighter,WEAPON,"Miniaturized weapon system derived from the standard Mk41. While it retains the high fire rate and damage, the low range and projectile spread are even more pronounced.",,,,,
sep_lightcycler,WEAPON,Reliable burst fire cannon with high velocity kinetic shells.,,,,,
sep_shockwave,WEAPON,"Lightweight rocket system designed for sustained fire. The most standout feature is the missile's hypertrophied engine system. Capable of much higher speeds than other weapons in it's class, this does come at the cost of reduced payload. ",,,,,
sep_shockwave_small,WEAPON,"Dual tube rocket launcher, with a modest supply of reloads. Dispenses high speed Shockwave rockets, good for applying pressure or exploiting exposed targets.",,,,,
sep_shockwave_fighter,WEAPON,"A pair of Shockwave rockets, easily mounted in a payload bay or on a missile pylon, ready to deal damage at high speed. ",,,,,
sep_mk38,WEAPON,"Dual mounted cannons derived from the '48, the Mk38 follows the simple adage of 'if it isn't broken, don't fix it.' Minor upgrades have slightly increased the range as well as flux efficiency, but the weapons platform remains otherwise unchanged. Shockingly effective against slow targets.",,,,,
sep_rag,WEAPON,"Primitive from a technological perspective, the RAG uses overwhelming raw firepower to rip apart enemy vessels. That said, although statistically capable of very high damage, the outdated shells tend to perform poorly against modern armor and shield systems.

For one reason or another, Persean Separatists have always had a penchant for high rate-of-fire weapons, and very few symbolize that affinity as well as the Rotary Assault Gun. It's outdated design comes with costs however. The barrel, designed for fire rate, has poor accuracy made yet worse by the low tech targeting system. The shells too, are underwhelming versus current cycle defenses

PSM gunnery officers love it though, and have been known to continuously hold the trigger down in a fight, start to finish.",,,,,
sep_mrag,WEAPON,"""And if that don't work, use more gun.""","- Heavy Assault Gun engineer, attributed",,,,
sep_kessler,WEAPON,"High-tech swarming missiles with a light ionic payload, particularly well suited to defeating small craft. The munitions small size and ease of handling allow for in combat reloading.",,,,,
sep_ags,WEAPON,"Advanced ballistic-coilgun that fires supercharged cells capable of disrupting electronics, and in particular, shields. however, as the shell is essentially a large capacitor and not a hardened bullet, it deals little damage to armor plating.",,,,,
sep_vls_med,WEAPON,"Hull embedded Vertical Launch System containing thirty Type-C command guided cruise missiles, able to be dispensed at a high rate-of-fire. Has a safety interlock to prevent firing missiles when at the ship's command limit.",,,,,
sep_vls_med_dumb,WEAPON,"Hull embedded Vertical Launch System containing sixty Type-H cruise missiles, able to be dispensed at a high rate-of-fire.",,,,,
sep_vls_small,WEAPON,"Hull embedded Vertical Launch System containing fifteen Type-C command guided cruise missiles, able to be dispensed at a high rate-of-fire. Has a safety interlock to prevent firing missiles when at the ship's command limit.",,,,,
sep_vls_small_dumb,WEAPON,"Hull embedded Vertical Launch System containing thirty Type-H cruise missiles, able to be dispensed at a high rate-of-fire.",,,,,
sep_duffie_spinal,WEAPON,"""I'm burning up! I'm burning up!""","- Recovered from unnamed DRG engineer nervelink, FCRG test site [REDACTED]",,,,
sep_termite_heavy,WEAPON,"The Termite fires specialty rounds that pierce targets then explode inside. Originally designed to shatter asteroids, the shells have since proven to be effective against a variety of light craft. The heavy variant has a reinforced barrel and breach, allowing for burst fire and slightly increased range.",,,,,
sep_dirty_nuke,WEAPON,"Self contained nuclear capable tactical missile. The reactive components are securely separated until the moment of detonation, meaning the fission reaction cannot occur until the Matador launches it's payload. Devastating against hull and armor.

[todo: rework] As the Separatist polity grew in size and power, it was inevitable the Hegemony take notice and attempt to stamp out the 'rebels'. The Matador nuclear was made as a desperate attempt to defend the Separatists from the immense threat. ",,,,,
sep_dirty_nuke_small,WEAPON,"Retrofitted Mk4 to fire Matador nuclear shells, with notably smaller payload. The reactive components are securely separated until the moment of detonation, meaning the fission reaction cannot occur until the payload is launched. Devastating against hull and armor.",,,,,
sep_dirty_nuke_payload,WEAPON,"""Tactical nuke! Incoming!""","- Tactical officer Hasper, Battle of New Umbra",,,,
sep_mk31,WEAPON,"Unsung workhorse of the Separatist navy, the Mk31 puts out a reliable stream of high explosive shells without pause.",,,,,
sep_rag_fighter,WEAPON,"Rotary gatling gun designed for terrestrial strafing runs on soft targets. Rather weak against naval class spacecraft in the modern era, relegating it to anti fighter duties.",,,,,
sep_railgun,WEAPON,Heavy railgun supercharged well beyond sensible limits. ,,,,,
sep_mk34,WEAPON,"Set of cannons in a quad barrel arrangment that fires bursting kinetic shells with medium range with decent accuracy. Very reliable, utterly unremarkable.",,,,,
sep_repairbeam,WEAPON,"Specialized welding beam that can fuse damaged armor plating, restoring a small amount of integrity. Thanks to advanced processing and comms, the beam frequency can be synchronized to the target, allowing it pass through shields.",,,,,
sep_mk74,WEAPON,"Lightweight, all purpose cannon, though it is especially good at attacking shields.",,,,,
,,,,,,,
sep_andross_intercept,SHIP_SYSTEM,"Transforms drone into a crude missile using a modified version of the asteroid protection software. Prefers to target objects similar in size to common asteroids, such as fighters.",Special,Transforms drone into a crude missile. Prefers to target smaller objects like fighters.,,Deals {{500 fragmentation}} damage.,
sep_retrograde,SHIP_SYSTEM,"Reroutes and discharges large amounts of thruster fuel out of front facing nozzles, allowing the ship to reposition quickly. Effective both in combat, as well as during asteroid cutting.",Movement,Fires reverse thrusters to reposition ship quickly.,,,
sep_wingsweep,SHIP_SYSTEM,Inertial dampeners and graviton diffusers in the wings can be repositioned to allow the fighter optimal movement depending on the pilot's needs.,Movement,Allows fighter to switch between high speed and high maneuverability modes.,,,
sep_defense_drones,SHIP_SYSTEM,Launches up to three point defense drones to protect the mothership.,Defensive,Launches three point defense drones to protect the mothership.,,"Ship carries {{4}} drones, with {{3}} active at any given time.",
sep_flarelauncher_bomber,SHIP_SYSTEM,"A flare system with an alternate release pattern, slowly releasing flares in a trail instead of all at once. Most effective when used while retreating.",Defensive,"Slowly releases a trail of flares, most useful when retreating.",,,
sep_flarelauncher_ship,SHIP_SYSTEM,"A flare system with an alternate release pattern, slowly releasing flares in a trail instead of all at once. Most effective when used while retreating.",Defensive,"Slowly releases a trail of flares, most useful when retreating.",,,
sep_citadelmode,SHIP_SYSTEM,"Shuts down engines and actively cycles reactor coolant out of engine nozzles, increasing flux dissipation. Extended use can critically drain coolant reserves, causing an emergency shutdown that temporarily disables the ship. ",Defensive,Shuts down engines and boosts flux dissipation. Extended use can cause an overload.,,"Flux dissipation is {{doubled}}. Ship becomes almost {{immobile}}.
If coolant reserve reaches {{0}}, ship will {{overload}}.",
sep_interdictor,SHIP_SYSTEM,"Charges Cathricite crystals causing them to discharge powerful energy bolts, linking the ship and the target together. While actively striking a target, it will be pulled towards the firing ship. The interdictor will suffer reduced speed depending on the mass of the target being pulled. May cause electrical overload when striking hull consistently.",Offensive,"Discharges emp bolts at the target, pulling it toward the ship. May cause electrical overload.",,,
sep_interdictor_pulse,SHIP_SYSTEM,"Charges Cathricite crystals causing them to discharge powerful energy bolts, linking interdictor and target vessels together. This model lacks a resonator, and can only be fired for short periods. While actively striking a target, it will be pulled towards the firing ship. The interdictor will suffer reduced speed depending on the mass of the target being pulled. May cause electrical overload when striking hull consistently.",Offensive,"Discharges emp bolts at the target ship, pulling it toward the interdictor. May cause electrical overload. Limited firing period.",,,
sep_directionalthrusters,SHIP_SYSTEM,"Activates heavy station-keeping thrusters for holding position in gravity wells, and are also capable of boosting ships maneuverability while in space.",Movement,Provides a small but long lasting boost to speed and maneuverability.,,Ships top speed is increased by {{25}}.,
sep_secondaryloader,SHIP_SYSTEM,Secondary magazines and loading systems perform a rapid reload after a brief pause. Auxiliary flux coils will absorb some of the overhead cost to fire the secondary round. Requires a long interval between uses to refill the backup magazines and vent accumulated flux.,Offensive,Reloads ammo of all ballistic or hybrid weapons. Vents a moderate amount of soft flux,,"Reloads all {{ballistic}} or {{hybrid}} weapons after a {{0.4}} second pause.

{{Ballistic}} or {{hybrid}} weapons that use and naturally regenerate ammo gain {{one}} burst.

Ship instantly vents {{soft flux}} equal to {{75%}} of the cost to fire {{all ballistic}} or {{hybrid}} weapons.",
sep_spoofjammer,SHIP_SYSTEM,"Redirects all power to the heavy jamming array, creating false radar and thermal signatures on enemy scopes, distracting and drawing fire from their weapons.",Defensive,Generates decoys to distract enemies.,,"Creates up to {{three}} decoys per enemy ship in range, not including fighters. Has a base range of {{2200u}}.",
drg_seraph,SHIP,[todo],,,,,
drg_observer,SHIP,"Hybrid science and combat vessel, equipped with a vast array of computation and ai sub-systems. Although not suited to trading direct blows, Observer-class vessels are peerless in tactical fleet support.",,,,,
drg_amp,SHIP,"Experimental phase hull, serving as a test bed for the Dusk Research Groups attempt to create a linear phase coil.",,,,,
drg_manta,SHIP,"General purpose combat hull, made to round out DRG's light fleets.",,,,,
drg_boltzman,SHIP,Advanced escort and support destroyer equipped with an experimental disabling system.,,,,,
drg_hydra,SHIP,"""Sir, one target moving in. Correction, two targets... Three, Four. Sir, they're coming out of nowhere! Seven now, what are your orders captain?""",,,,,
drg_glacier,SHIP,"Pinnacle of the Dusk Research Group's cryogenic research, the Glacier-class is fast and dangerous, capable of freezing and shattering any vessel that lowers it's guard. Its rarity combined with its main armament have also made Glacier vessels just as much a psychological weapon as a physical one. The prospect of being frozen alive is more than enough to cause spacers to turn tail and burn, perhaps save for the most disciplined Hegemony crewmen.",,,,,
drg_shard,SHIP,Stealth courier vessel able to transport secret and encrypted information that someone wouldn't risk broadcasting over hyperwave networks.,,,,,
drg_northstar_fighter,SHIP,"Iconic Separatist fighter, refitted and repainted for Dusk Group service. Weapons have been swapped with energy types, the co-pilot has been replaced with a sub-ai (unverified) processor, and the reactor has been amped up for more speed.",,,,,
drg_entanglement,SHIP_SYSTEM,Generates an ethereal clone of the ship using a unusual form of quantum entanglement.,Special,Generates an ethereal clone of the ship using a unusual form of quantum entanglement.,,"Clone must stay within approximately {{2000}} su, or it will self-destruct and cause {{piercing emp damage}} to the parent.

If the clones flux level exceeds {{50%}}, it will increase flux dissipation by {{150}}, but also start generating arcs to the parent that cause {{emp damage}}.",
drg_cryogenicdischarge,SHIP_SYSTEM,Discharges a number of cryogenic motes that can interfere with missiles and inflict the Cryogenic Freeze status effect.,Special,Discharges a number of cryogenic motes that can interfere with missiles and inflict the Cryogenic Freeze status effect.,,"A mote that impacts a ship will inflict the {{Cryogenic Freeze}} effect, or if the ship is already affected, will extend the duration of the freeze.",
drg_entropic_lash,SHIP_SYSTEM,"Strikes ships with destabilizing arcs, inducing malfunctions in weapon and engine systems.",Offensive,"Strikes ships with destabilizing arcs, inducing malfunctions in weapon and engine systems.",,Targets are afflicted with {{10 seconds}} of {{Entropic Instability}}.,
drg_cryobeam,WEAPON,"""The board might be satisfied with these results, but I am not. Why in Ludd's name do we need an entire cruiser to power the damn harmonizer. Those samples from the [REDACTED: INFOSEC VIOLATION] don't need anything close. Call the Lambda team, I want answers this week.""","- Project Glacier team lead, review briefing.",,,,
drg_3pc,WEAPON,"The Particle Plasma Projector Cannon, frequently abbreviated to 3PC, fires a super-heated hydron mass capable of dealing heavy damage.

Dual plasma chambers, heavy capacitors, and a large heatsink allow the weapon to be fired in burst, giving rise to its characteristic 'double-tap' report. An astute captain knows well to back off when a 3PC starts flaring, as many vessels are unable to handle that much damage in short order.

As it currently exists, the 3PC series stands at the end of a long chain of research to create efficient plasma weaponry. While strictly speaking it has lower continuous damage than other projectile weapons in the same size category, 3PC's more than make up for it, as they generally are longer ranged and less flux intensive to operate.",,,,,
drg_3pcm,WEAPON,"A miniaturized version of the larger model,  the ""Particle Plasma Projector Cannon - Mini"" offers similar performance in a smaller package.

As is often the case, many features had to be cut during the downsizing process, most notably is the removal of the dual plasma chamber, meaning the 3PC-M cannot be fired in burst. Despite this negative, the 'Mini maintains much of its statistical profile, and retains both long range and high efficiency when firing.

As it currently exists, the 3PC series stands at the end of a long chain of research to create efficient plasma weaponry. While strictly speaking it has lower continuous damage than other projectile weapons in the same size category, 3PC's more than make up for it, as they generally are longer ranged and less flux intensive to operate.",,,,,
drg_seraphmain,WEAPON,"""... and also woe, for the shadows shall pierce even through man's own soul; the Sword of Moloch shall rise and fall against him.""","- Ludd's Apocrypha, Prophecies 2:35",,,,
drg_electrocat,WEAPON,"This weapon utilizes electricity to melt metal into molten slag, which is then fired out a muzzle port via magnetic forces. The required quality of ammo is virtually nil, allowing the Arc Catalyzer to be mounted anywhere electricity and metal are available.",,,,,
drg_cascade,WEAPON,"A pulsed laser with dual lenses and a large capacitor bank, able to blast away armor and hull with great efficiency. However the high power draw prohibits continuous fire, and the low frequency beam may struggle against any reasonably strong shield system.",,,,,
drg_plasmacaster,WEAPON,"A lightweight plasma generator that uses high voltage magnetic lenses to create slow moving, self-contained plasma fields. The same lenses can be use to gently shift the plasma ball in flight, allowing for basic target tracking ability. ",,,,,
drg_needle_small,WEAPON,"An unusual weapon that fires enormous crystals made of exotic matter that explode violently after an impact. Further more, multiple shards discharging near each other can result in a feedback loop, causing even more destruction. The mechanics of why this happens is closely guarded secret by the DRG, as well as to why the projectiles are capable of tracking targets.",,,,,
drg_needle_med,WEAPON,"An unusual weapon that fires enormous crystals made of exotic matter that explode violently after an impact. Further more, multiple shards discharging near each other can result in a feedback loop, causing even more destruction. The mechanics of why this happens is closely guarded secret by the DRG, as well as to why the projectiles are capable of tracking targets.",,,,,
drg_needle_big,WEAPON,"An unusual weapon that fires enormous crystals made of exotic matter that explode violently after an impact. Further more, multiple shards discharging near each other can result in a feedback loop, causing even more destruction. The mechanics of why this happens is closely guarded secret by the DRG, as well as to why the projectiles are capable of tracking targets.",,,,,
drg_thunder,WEAPON,,,,,,
drg_demonstar,WEAPON,"A heavy kinetic accelerator with a long charge time and burst fire. The coils are charged by cycling and discharging plasma, and while inefficient, it allows for a larger burst. The waste plasma is ejected forward, becoming a secondary, though weak, source of damage.",,,,,
drg_dazzler,WEAPON,"High energy electron blaster that delivers excellent damage at short range, albeit with less efficiency than other weapons. Much of the energy is lost as heat in the primary amplifier, which can cause excessive bloom during sustained firing.",,,,,
drg_psi_core,RESOURCE,"A unique psi-type AI core, housing one entity calling itself 'Octarine Intangible'. Likely capable of excelling at any task but not necessarily willing to do so. The AI within refuses to engage in colony management or any other activity that involves it being far away, and insists that it be kept with you and your fleet.

",,,,,
drg_crystals,RESOURCE,"Exotic crystals formed on so called 'red ice' planets. Cathricite is inherently toxic to humans, and more importantly, exhibits bizarre reactions to various forms of energy. The potential for use in weapons research and their poisonous nature have lead to them being banned in many jurisdictions.",,,,,
nanite_corrupter,WEAPON,"Fires a heavy penetrator that pierces a ships hull and delivers nanites via the attached conduit. Extremely dangerous should it successfully latch on, and every effort should be made to prevent or break the connection. It can be broken by either moving far enough away to snap the conduit, or disabling the weapon with concentrated fire.",,,,,
